48 NGÀY LẤY GỐC TIẾNG ANH,,,
,,,
,,,
"FILE SÁCH DÙNG CHO CẢ 48 NGÀY
GIVE ME A COFFEE : 955582008 MB",,,
,,,
,,,
,,,
 STT,TÊN BÀI HỌC,BÀI GIẢNG,BÀI TẬP
1,NGÀY 1: Thể khẳng định và phủ định của động từ tobe,BÀI GIẢNG,BÀI TẬP
2,NGÀY 2: Thể nghi vấn của động từ tobe,BÀI GIẢNG,BÀI TẬP
3,NGÀY 3: Câu hỏi WHO và THAT với động từ tobe,BÀI GIẢNG,BÀI TẬP
4,NGÀY 4: Câu hỏi Where và When với động từ to be,BÀI GIẢNG,BÀI TẬP
5,NGÀY 5: Động từ thường ở hiện tại,BÀI GIẢNG,BÀI TẬP
6,NGÀY 6: THỂ PHỦ ĐỊNH CỦA ĐỘNG TỪ THƯỜNG Ở HIỆN TẠI,BÀI GIẢNG,BÀI TẬP
7,NGÀY 7: THỂ NGHI VẤN CỦA ĐỘNG TỪ THƯỜNG Ở HIỆN TẠI,BÀI GIẢNG,BÀI TẬP
8,NGÀY 8: THÌ HIỆN TẠI ĐƠN,BÀI GIẢNG,BÀI TẬP
9,NGÀY 9: TỪ LOẠI,BÀI GIẢNG,BÀI TẬP
10,NGÀY 10: THÌ HIỆN TẠI TIẾP DIỄN,BÀI GIẢNG,BÀI TẬP
11,NGÀY 11: PHÂN BIỆT THÌ HIỆN TẠI ĐƠN VÀ HIỆN TẠI TIẾP DIỄN,BÀI GIẢNG,BÀI TẬP
12,NGÀY 12: THÌ QUÁ KHỨ ĐƠN THỂ KHẲNG ĐỊNH,BÀI GIẢNG,BÀI TẬP
13,NGÀY 13: THÌ QUÁ KHỨ ĐƠN THỂ PHỦ ĐỊNH VÀ NGHI VẤN,BÀI GIẢNG,BÀI TẬP
14,NGÀY 14: THÌ QUÁ KHỨ TIẾP DIỄN,BÀI GIẢNG,BÀI TẬP
15,NGÀY 15: THÌ HIỆN TẠI HOÀN THÀNH,BÀI GIẢNG,BÀI TẬP
16,NGÀY 16: THÌ TƯƠNG LAI ĐƠN,BÀI GIẢNG,BÀI TẬP
17,NGÀY 17: THÌ TƯƠNG LAI HOÀN THÀNH,BÀI GIẢNG,BÀI TẬP
18,NGÀY 18: HỌC NGỮ ÂM VỚI GIÁO VIÊN NƯỚC NGOÀI,BÀI GIẢNG,BÀI TẬP
19,NGÀY 19: TÌM HIỂU VỀ TRỌNG ÂM TRONG TIẾNG ANH,BÀI GIẢNG,BÀI TẬP
20,NGÀY 20: CÁC CÂU HỎI VỚI TỪ ĐỂ HỎI KHÁC TRONG TIẾNG ANH,BÀI GIẢNG,BÀI TẬP
21,NGÀY 21: LUYỆN NGHE SỐ VÀ TÊN,BÀI GIẢNG,BÀI TẬP
22,NGÀY 22: ĐỘNG TỪ KHUYẾT THIẾU,BÀI GIẢNG,BÀI TẬP
23,"NGÀY 23: LIÊN TỪ AND, SO, BUT, BECAUSE",BÀI GIẢNG,BÀI TẬP
24,NGÀY 24: LIÊN TỪ CHỈ THỜI GIAN,BÀI GIẢNG,BÀI TẬP
25,NGÀY 25: LIÊN TỪ CHỈ SỰ ĐỐI LẬP,BÀI GIẢNG,BÀI TẬP
26,NGÀY 26: CÂU ĐIỀU KIỆN LOẠI 1,BÀI GIẢNG,BÀI TẬP
27,NGÀY 27: CÂU ĐIỀU KIỆN LOẠI 2,BÀI GIẢNG,BÀI TẬP
28,NGÀY 28: CÂU ĐIỀU KIỆN LOẠI 3,BÀI GIẢNG,BÀI TẬP
29,NGÀY 29 : LUYỆN NGHE ĐIỀN TỪ,BÀI GIẢNG,BÀI TẬP
30,NGÀY 30: LUYỆN NGHE CHÉP CHÍNH TẢ,BÀI GIẢNG,BÀI TẬP
31,NGÀY 31: LUYỆN NGHE VỀ GIỜ,BÀI GIẢNG,BÀI TẬP
32,NGÀY 32: LUYỆN NGHE NGÀY THÁNG,BÀI GIẢNG,BÀI TẬP
33,NGÀY 33: LUYỆN NGHE ĐỊA ĐIỂM,BÀI GIẢNG,BÀI TẬP
34,NGÀY 34: LUYỆN NGHE VỀ TIỀN BẠC,BÀI GIẢNG,BÀI TẬP
35,NGÀY 35: ĐẠI TỪ PHÂN THÂN,BÀI GIẢNG,BÀI TẬP
36,NGÀY 36: SỰ HÒA HỢP VỀ THÌ,BÀI GIẢNG,BÀI TẬP
37,NGÀY 37: TIẾNG ANH GIAO TIẾP (1),BÀI GIẢNG,BÀI TẬP
38,NGÀY 38: LIÊN TỪ TƯƠNG HỒ,BÀI GIẢNG,BÀI TẬP
39,NGÀY 39: LUYỆN NGHE VỀ CÁC QUỐC GIA CHÂU LỤC,BÀI GIẢNG,BÀI TẬP
40,NGÀY 40: LUYỆN NGHE VỀ SỞ THÍCH,BÀI GIẢNG,BÀI TẬP
41,NGÀY 41: LUYỆN NGHE VỀ GIAO THÔNG,BÀI GIẢNG,BÀI TẬP
42,NGÀY 42: LUYỆN NGHE VỀ THỂ THAO,BÀI GIẢNG,BÀI TẬP
43,NGÀY 43: LUYỆN NGHE VỀ NGHỀ NGHIỆP,BÀI GIẢNG,BÀI TẬP
44,NGÀY 44: LUYỆN NGHE VỀ CÔNG NGHỆ,BÀI GIẢNG,BÀI TẬP
45,NGÀY 45: TIẾNG ANH GIAO TIẾP (2),BÀI GIẢNG,BÀI TẬP
46,NGÀY 46: KĨ NĂNG NOTE TAKING,BÀI GIẢNG,BÀI TẬP
47,NGÀY 47: KỸ NĂNG PARAPHRASING,BÀI GIẢNG,BÀI TẬP
48,NGÀY 48: TỰ TIN GIỚI THIỆU BẢN THÂN VÀ THUYẾT TRÌNH BẰNG TIẾNG ANH,BÀI GIẢNG,BÀI TẬP
"MUA KHÓA HỌC LIÊN HỆ
FACEBOOK: BÙI LONG GIANG",,,